id,title,name,url,category_type,status,status_backup,language_id,language_script,gender,parent_cmtitle
29861,Ѓурѓа,Ѓурѓа,https://en.wiktionary.org/w/api.php,given_names,WikiRecordStatus.page,WikiRecordStatus.unevaluated,mkd,Cyrillic,Gender.female,Category:Macedonian female given names
29862,Ѓурѓина,Ѓурѓина,https://en.wiktionary.org/w/api.php,given_names,WikiRecordStatus.page,WikiRecordStatus.unevaluated,mkd,Cyrillic,Gender.female,Category:Macedonian female given names
29863,Ѓурѓица,Ѓурѓица,https://en.wiktionary.org/w/api.php,given_names,WikiRecordStatus.page,WikiRecordStatus.unevaluated,mkd,Cyrillic,Gender.female,Category:Macedonian female given names
29864,Ѕвезда,Ѕвезда,https://en.wiktionary.org/w/api.php,given_names,WikiRecordStatus.page,WikiRecordStatus.unevaluated,mkd,Cyrillic,Gender.female,Category:Macedonian female given names
29865,Ѕвездана,Ѕвездана,https://en.wiktionary.org/w/api.php,given_names,WikiRecordStatus.page,WikiRecordStatus.unevaluated,mkd,Cyrillic,Gender.female,Category:Macedonian female given names
29866,Ѕугра,Ѕугра,https://en.wiktionary.org/w/api.php,given_names,WikiRecordStatus.page,WikiRecordStatus.unevaluated,mkd,Cyrillic,Gender.female,Category:Macedonian female given names
29867,Јагода,Јагода,https://en.wiktionary.org/w/api.php,given_names,WikiRecordStatus.page,WikiRecordStatus.unevaluated,mkd,Cyrillic,Gender.female,Category:Macedonian female given names
29868,Јадранка,Јадранка,https://en.wiktionary.org/w/api.php,given_names,WikiRecordStatus.page,WikiRecordStatus.unevaluated,mkd,Cyrillic,Gender.female,Category:Macedonian female given names
29869,Јана,Јана,https://en.wiktionary.org/w/api.php,given_names,WikiRecordStatus.page,WikiRecordStatus.unevaluated,mkd,Cyrillic,Gender.female,Category:Macedonian female given names
29870,Јанка,Јанка,https://en.wiktionary.org/w/api.php,given_names,WikiRecordStatus.page,WikiRecordStatus.unevaluated,mkd,Cyrillic,Gender.female,Category:Macedonian female given names
29871,Јасенка,Јасенка,https://en.wiktionary.org/w/api.php,given_names,WikiRecordStatus.page,WikiRecordStatus.unevaluated,mkd,Cyrillic,Gender.female,Category:Macedonian female given names
29872,Јасмина,Јасмина,https://en.wiktionary.org/w/api.php,given_names,WikiRecordStatus.page,WikiRecordStatus.unevaluated,mkd,Cyrillic,Gender.female,Category:Macedonian female given names
29873,Јасминка,Јасминка,https://en.wiktionary.org/w/api.php,given_names,WikiRecordStatus.page,WikiRecordStatus.unevaluated,mkd,Cyrillic,Gender.female,Category:Macedonian female given names
29874,Јасна,Јасна,https://en.wiktionary.org/w/api.php,given_names,WikiRecordStatus.page,WikiRecordStatus.unevaluated,mkd,Cyrillic,Gender.female,Category:Macedonian female given names
29875,Јоана,Јоана,https://en.wiktionary.org/w/api.php,given_names,WikiRecordStatus.page,WikiRecordStatus.unevaluated,mkd,Cyrillic,Gender.female,Category:Macedonian female given names
29876,Јована,Јована,https://en.wiktionary.org/w/api.php,given_names,WikiRecordStatus.page,WikiRecordStatus.unevaluated,mkd,Cyrillic,Gender.female,Category:Macedonian female given names
29877,Јованка,Јованка,https://en.wiktionary.org/w/api.php,given_names,WikiRecordStatus.page,WikiRecordStatus.unevaluated,mkd,Cyrillic,Gender.female,Category:Macedonian female given names
29878,Јорда,Јорда,https://en.wiktionary.org/w/api.php,given_names,WikiRecordStatus.page,WikiRecordStatus.unevaluated,mkd,Cyrillic,Gender.female,Category:Macedonian female given names
29879,Јордана,Јордана,https://en.wiktionary.org/w/api.php,given_names,WikiRecordStatus.page,WikiRecordStatus.unevaluated,mkd,Cyrillic,Gender.female,Category:Macedonian female given names
29880,Јорданка,Јорданка,https://en.wiktionary.org/w/api.php,given_names,WikiRecordStatus.page,WikiRecordStatus.unevaluated,mkd,Cyrillic,Gender.female,Category:Macedonian female given names
29881,Јуле,Јуле,https://en.wiktionary.org/w/api.php,given_names,WikiRecordStatus.page,WikiRecordStatus.unevaluated,mkd,Cyrillic,Gender.female,Category:Macedonian female given names
29882,Јулија,Јулија,https://en.wiktionary.org/w/api.php,given_names,WikiRecordStatus.page,WikiRecordStatus.unevaluated,mkd,Cyrillic,Gender.female,Category:Macedonian female given names
29883,Љубица,Љубица,https://en.wiktionary.org/w/api.php,given_names,WikiRecordStatus.page,WikiRecordStatus.unevaluated,mkd,Cyrillic,Gender.female,Category:Macedonian female given names
29884,Љупка,Љупка,https://en.wiktionary.org/w/api.php,given_names,WikiRecordStatus.page,WikiRecordStatus.unevaluated,mkd,Cyrillic,Gender.female,Category:Macedonian female given names
29885,Ања,Ања,https://en.wiktionary.org/w/api.php,given_names,WikiRecordStatus.page,WikiRecordStatus.unevaluated,mkd,Cyrillic,Gender.female,Category:Macedonian female given names
29886,Александра,Александра,https://en.wiktionary.org/w/api.php,given_names,WikiRecordStatus.page,WikiRecordStatus.unevaluated,mkd,Cyrillic,Gender.female,Category:Macedonian female given names
29887,Алина,Алина,https://en.wiktionary.org/w/api.php,given_names,WikiRecordStatus.page,WikiRecordStatus.unevaluated,mkd,Cyrillic,Gender.female,Category:Macedonian female given names
29888,Анѓа,Анѓа,https://en.wiktionary.org/w/api.php,given_names,WikiRecordStatus.page,WikiRecordStatus.unevaluated,mkd,Cyrillic,Gender.female,Category:Macedonian female given names
29889,Ана,Ана,https://en.wiktionary.org/w/api.php,given_names,WikiRecordStatus.page,WikiRecordStatus.unevaluated,mkd,Cyrillic,Gender.female,Category:Macedonian female given names
29890,Анастасија,Анастасија,https://en.wiktionary.org/w/api.php,given_names,WikiRecordStatus.page,WikiRecordStatus.unevaluated,mkd,Cyrillic,Gender.female,Category:Macedonian female given names
29891,Ангела,Ангела,https://en.wiktionary.org/w/api.php,given_names,WikiRecordStatus.page,WikiRecordStatus.unevaluated,mkd,Cyrillic,Gender.female,Category:Macedonian female given names
29892,Ангелина,Ангелина,https://en.wiktionary.org/w/api.php,given_names,WikiRecordStatus.page,WikiRecordStatus.unevaluated,mkd,Cyrillic,Gender.female,Category:Macedonian female given names
29893,Андреа,Андреа,https://en.wiktionary.org/w/api.php,given_names,WikiRecordStatus.page,WikiRecordStatus.unevaluated,mkd,Cyrillic,Gender.female,Category:Macedonian female given names
29894,Анита,Анита,https://en.wiktionary.org/w/api.php,given_names,WikiRecordStatus.page,WikiRecordStatus.unevaluated,mkd,Cyrillic,Gender.female,Category:Macedonian female given names
29895,Анка,Анка,https://en.wiktionary.org/w/api.php,given_names,WikiRecordStatus.page,WikiRecordStatus.unevaluated,mkd,Cyrillic,Gender.female,Category:Macedonian female given names
29896,Анкица,Анкица,https://en.wiktionary.org/w/api.php,given_names,WikiRecordStatus.page,WikiRecordStatus.unevaluated,mkd,Cyrillic,Gender.female,Category:Macedonian female given names
29897,Антонија,Антонија,https://en.wiktionary.org/w/api.php,given_names,WikiRecordStatus.page,WikiRecordStatus.unevaluated,mkd,Cyrillic,Gender.female,Category:Macedonian female given names
29898,Аца,Аца,https://en.wiktionary.org/w/api.php,given_names,WikiRecordStatus.page,WikiRecordStatus.unevaluated,mkd,Cyrillic,Gender.female,Category:Macedonian female given names
29899,Бети,Бети,https://en.wiktionary.org/w/api.php,given_names,WikiRecordStatus.page,WikiRecordStatus.unevaluated,mkd,Cyrillic,Gender.female,Category:Macedonian female given names
29900,Билјана,Билјана,https://en.wiktionary.org/w/api.php,given_names,WikiRecordStatus.page,WikiRecordStatus.unevaluated,mkd,Cyrillic,Gender.female,Category:Macedonian female given names
29901,Биле,Биле,https://en.wiktionary.org/w/api.php,given_names,WikiRecordStatus.page,WikiRecordStatus.unevaluated,mkd,Cyrillic,Gender.female,Category:Macedonian female given names
29902,Бисера,Бисера,https://en.wiktionary.org/w/api.php,given_names,WikiRecordStatus.page,WikiRecordStatus.unevaluated,mkd,Cyrillic,Gender.female,Category:Macedonian female given names
29903,Бисерка,Бисерка,https://en.wiktionary.org/w/api.php,given_names,WikiRecordStatus.page,WikiRecordStatus.unevaluated,mkd,Cyrillic,Gender.female,Category:Macedonian female given names
29904,Бистра,Бистра,https://en.wiktionary.org/w/api.php,given_names,WikiRecordStatus.page,WikiRecordStatus.unevaluated,mkd,Cyrillic,Gender.female,Category:Macedonian female given names
29905,Блага,Блага,https://en.wiktionary.org/w/api.php,given_names,WikiRecordStatus.page,WikiRecordStatus.unevaluated,mkd,Cyrillic,Gender.female,Category:Macedonian female given names
29906,Бојана,Бојана,https://en.wiktionary.org/w/api.php,given_names,WikiRecordStatus.page,WikiRecordStatus.unevaluated,mkd,Cyrillic,Gender.female,Category:Macedonian female given names
29907,Бобана,Бобана,https://en.wiktionary.org/w/api.php,given_names,WikiRecordStatus.page,WikiRecordStatus.unevaluated,mkd,Cyrillic,Gender.female,Category:Macedonian female given names
29908,Богда,Богда,https://en.wiktionary.org/w/api.php,given_names,WikiRecordStatus.page,WikiRecordStatus.unevaluated,mkd,Cyrillic,Gender.female,Category:Macedonian female given names
29909,Богдана,Богдана,https://en.wiktionary.org/w/api.php,given_names,WikiRecordStatus.page,WikiRecordStatus.unevaluated,mkd,Cyrillic,Gender.female,Category:Macedonian female given names
29910,Богданка,Богданка,https://en.wiktionary.org/w/api.php,given_names,WikiRecordStatus.page,WikiRecordStatus.unevaluated,mkd,Cyrillic,Gender.female,Category:Macedonian female given names
29911,Борка,Борка,https://en.wiktionary.org/w/api.php,given_names,WikiRecordStatus.page,WikiRecordStatus.unevaluated,mkd,Cyrillic,Gender.female,Category:Macedonian female given names
29912,Босилка,Босилка,https://en.wiktionary.org/w/api.php,given_names,WikiRecordStatus.page,WikiRecordStatus.unevaluated,mkd,Cyrillic,Gender.female,Category:Macedonian female given names
29913,Бранка,Бранка,https://en.wiktionary.org/w/api.php,given_names,WikiRecordStatus.page,WikiRecordStatus.unevaluated,mkd,Cyrillic,Gender.female,Category:Macedonian female given names
29914,Валентина,Валентина,https://en.wiktionary.org/w/api.php,given_names,WikiRecordStatus.page,WikiRecordStatus.unevaluated,mkd,Cyrillic,Gender.female,Category:Macedonian female given names
29915,Ванѓа,Ванѓа,https://en.wiktionary.org/w/api.php,given_names,WikiRecordStatus.page,WikiRecordStatus.unevaluated,mkd,Cyrillic,Gender.female,Category:Macedonian female given names
29916,Варвара,Варвара,https://en.wiktionary.org/w/api.php,given_names,WikiRecordStatus.page,WikiRecordStatus.unevaluated,mkd,Cyrillic,Gender.female,Category:Macedonian female given names
29917,Василка,Василка,https://en.wiktionary.org/w/api.php,given_names,WikiRecordStatus.page,WikiRecordStatus.unevaluated,mkd,Cyrillic,Gender.female,Category:Macedonian female given names
29918,Вера,Вера,https://en.wiktionary.org/w/api.php,given_names,WikiRecordStatus.page,WikiRecordStatus.unevaluated,mkd,Cyrillic,Gender.female,Category:Macedonian female given names
29919,Вероника,Вероника,https://en.wiktionary.org/w/api.php,given_names,WikiRecordStatus.page,WikiRecordStatus.unevaluated,mkd,Cyrillic,Gender.female,Category:Macedonian female given names
29920,Верче,Верче,https://en.wiktionary.org/w/api.php,given_names,WikiRecordStatus.page,WikiRecordStatus.unevaluated,mkd,Cyrillic,Gender.female,Category:Macedonian female given names
29921,Весела,Весела,https://en.wiktionary.org/w/api.php,given_names,WikiRecordStatus.page,WikiRecordStatus.unevaluated,mkd,Cyrillic,Gender.female,Category:Macedonian female given names
29922,Веселинка,Веселинка,https://en.wiktionary.org/w/api.php,given_names,WikiRecordStatus.page,WikiRecordStatus.unevaluated,mkd,Cyrillic,Gender.female,Category:Macedonian female given names
29923,Веселка,Веселка,https://en.wiktionary.org/w/api.php,given_names,WikiRecordStatus.page,WikiRecordStatus.unevaluated,mkd,Cyrillic,Gender.female,Category:Macedonian female given names
29924,Весна,Весна,https://en.wiktionary.org/w/api.php,given_names,WikiRecordStatus.page,WikiRecordStatus.unevaluated,mkd,Cyrillic,Gender.female,Category:Macedonian female given names
29925,Вики,Вики,https://en.wiktionary.org/w/api.php,given_names,WikiRecordStatus.page,WikiRecordStatus.unevaluated,mkd,Cyrillic,Gender.female,Category:Macedonian female given names
29926,Виолета,Виолета,https://en.wiktionary.org/w/api.php,given_names,WikiRecordStatus.page,WikiRecordStatus.unevaluated,mkd,Cyrillic,Gender.female,Category:Macedonian female given names
29927,Габриела,Габриела,https://en.wiktionary.org/w/api.php,given_names,WikiRecordStatus.page,WikiRecordStatus.unevaluated,mkd,Cyrillic,Gender.female,Category:Macedonian female given names
29928,Гордана,Гордана,https://en.wiktionary.org/w/api.php,given_names,WikiRecordStatus.page,WikiRecordStatus.unevaluated,mkd,Cyrillic,Gender.female,Category:Macedonian female given names
29929,Гоца,Гоца,https://en.wiktionary.org/w/api.php,given_names,WikiRecordStatus.page,WikiRecordStatus.unevaluated,mkd,Cyrillic,Gender.female,Category:Macedonian female given names
29930,Гулабинка,Гулабинка,https://en.wiktionary.org/w/api.php,given_names,WikiRecordStatus.page,WikiRecordStatus.unevaluated,mkd,Cyrillic,Gender.female,Category:Macedonian female given names
29931,Даниела,Даниела,https://en.wiktionary.org/w/api.php,given_names,WikiRecordStatus.page,WikiRecordStatus.unevaluated,mkd,Cyrillic,Gender.female,Category:Macedonian female given names
29932,Дафина,Дафина,https://en.wiktionary.org/w/api.php,given_names,WikiRecordStatus.page,WikiRecordStatus.unevaluated,mkd,Cyrillic,Gender.female,Category:Macedonian female given names
29933,Деспина,Деспина,https://en.wiktionary.org/w/api.php,given_names,WikiRecordStatus.page,WikiRecordStatus.unevaluated,mkd,Cyrillic,Gender.female,Category:Macedonian female given names
29934,Донка,Донка,https://en.wiktionary.org/w/api.php,given_names,WikiRecordStatus.page,WikiRecordStatus.unevaluated,mkd,Cyrillic,Gender.female,Category:Macedonian female given names
29935,Драгана,Драгана,https://en.wiktionary.org/w/api.php,given_names,WikiRecordStatus.page,WikiRecordStatus.unevaluated,mkd,Cyrillic,Gender.female,Category:Macedonian female given names
29936,Дуња,Дуња,https://en.wiktionary.org/w/api.php,given_names,WikiRecordStatus.page,WikiRecordStatus.unevaluated,mkd,Cyrillic,Gender.female,Category:Macedonian female given names
29937,Дуна,Дуна,https://en.wiktionary.org/w/api.php,given_names,WikiRecordStatus.page,WikiRecordStatus.unevaluated,mkd,Cyrillic,Gender.female,Category:Macedonian female given names
29938,Дунавка,Дунавка,https://en.wiktionary.org/w/api.php,given_names,WikiRecordStatus.page,WikiRecordStatus.unevaluated,mkd,Cyrillic,Gender.female,Category:Macedonian female given names
29939,Душица,Душица,https://en.wiktionary.org/w/api.php,given_names,WikiRecordStatus.page,WikiRecordStatus.unevaluated,mkd,Cyrillic,Gender.female,Category:Macedonian female given names
29940,Ева,Ева,https://en.wiktionary.org/w/api.php,given_names,WikiRecordStatus.page,WikiRecordStatus.unevaluated,mkd,Cyrillic,Gender.female,Category:Macedonian female given names
29941,Елена,Елена,https://en.wiktionary.org/w/api.php,given_names,WikiRecordStatus.page,WikiRecordStatus.unevaluated,mkd,Cyrillic,Gender.female,Category:Macedonian female given names
29942,Елизабета,Елизабета,https://en.wiktionary.org/w/api.php,given_names,WikiRecordStatus.page,WikiRecordStatus.unevaluated,mkd,Cyrillic,Gender.female,Category:Macedonian female given names
29943,Елисавета,Елисавета,https://en.wiktionary.org/w/api.php,given_names,WikiRecordStatus.page,WikiRecordStatus.unevaluated,mkd,Cyrillic,Gender.female,Category:Macedonian female given names
29944,Емилија,Емилија,https://en.wiktionary.org/w/api.php,given_names,WikiRecordStatus.page,WikiRecordStatus.unevaluated,mkd,Cyrillic,Gender.female,Category:Macedonian female given names
29945,Ена,Ена,https://en.wiktionary.org/w/api.php,given_names,WikiRecordStatus.page,WikiRecordStatus.unevaluated,mkd,Cyrillic,Gender.female,Category:Macedonian female given names
29946,Жаклина,Жаклина,https://en.wiktionary.org/w/api.php,given_names,WikiRecordStatus.page,WikiRecordStatus.unevaluated,mkd,Cyrillic,Gender.female,Category:Macedonian female given names
29947,Здравка,Здравка,https://en.wiktionary.org/w/api.php,given_names,WikiRecordStatus.page,WikiRecordStatus.unevaluated,mkd,Cyrillic,Gender.female,Category:Macedonian female given names
29948,Злата,Злата,https://en.wiktionary.org/w/api.php,given_names,WikiRecordStatus.page,WikiRecordStatus.unevaluated,mkd,Cyrillic,Gender.female,Category:Macedonian female given names
29949,Златана,Златана,https://en.wiktionary.org/w/api.php,given_names,WikiRecordStatus.page,WikiRecordStatus.unevaluated,mkd,Cyrillic,Gender.female,Category:Macedonian female given names
29950,Златка,Златка,https://en.wiktionary.org/w/api.php,given_names,WikiRecordStatus.page,WikiRecordStatus.unevaluated,mkd,Cyrillic,Gender.female,Category:Macedonian female given names
29951,Зора,Зора,https://en.wiktionary.org/w/api.php,given_names,WikiRecordStatus.page,WikiRecordStatus.unevaluated,mkd,Cyrillic,Gender.female,Category:Macedonian female given names
29952,Зорица,Зорица,https://en.wiktionary.org/w/api.php,given_names,WikiRecordStatus.page,WikiRecordStatus.unevaluated,mkd,Cyrillic,Gender.female,Category:Macedonian female given names
29953,Ивана,Ивана,https://en.wiktionary.org/w/api.php,given_names,WikiRecordStatus.page,WikiRecordStatus.unevaluated,mkd,Cyrillic,Gender.female,Category:Macedonian female given names
29954,Ивона,Ивона,https://en.wiktionary.org/w/api.php,given_names,WikiRecordStatus.page,WikiRecordStatus.unevaluated,mkd,Cyrillic,Gender.female,Category:Macedonian female given names
29955,Изабела,Изабела,https://en.wiktionary.org/w/api.php,given_names,WikiRecordStatus.page,WikiRecordStatus.unevaluated,mkd,Cyrillic,Gender.female,Category:Macedonian female given names
29956,Илина,Илина,https://en.wiktionary.org/w/api.php,given_names,WikiRecordStatus.page,WikiRecordStatus.unevaluated,mkd,Cyrillic,Gender.female,Category:Macedonian female given names
29957,Илка,Илка,https://en.wiktionary.org/w/api.php,given_names,WikiRecordStatus.page,WikiRecordStatus.unevaluated,mkd,Cyrillic,Gender.female,Category:Macedonian female given names
29958,Ина,Ина,https://en.wiktionary.org/w/api.php,given_names,WikiRecordStatus.page,WikiRecordStatus.unevaluated,mkd,Cyrillic,Gender.female,Category:Macedonian female given names
29959,Ирена,Ирена,https://en.wiktionary.org/w/api.php,given_names,WikiRecordStatus.page,WikiRecordStatus.unevaluated,mkd,Cyrillic,Gender.female,Category:Macedonian female given names
29960,Ирина,Ирина,https://en.wiktionary.org/w/api.php,given_names,WikiRecordStatus.page,WikiRecordStatus.unevaluated,mkd,Cyrillic,Gender.female,Category:Macedonian female given names
29961,Исидора,Исидора,https://en.wiktionary.org/w/api.php,given_names,WikiRecordStatus.page,WikiRecordStatus.unevaluated,mkd,Cyrillic,Gender.female,Category:Macedonian female given names
29962,Искра,Искра,https://en.wiktionary.org/w/api.php,given_names,WikiRecordStatus.page,WikiRecordStatus.unevaluated,mkd,Cyrillic,Gender.female,Category:Macedonian female given names
29963,Калина,Калина,https://en.wiktionary.org/w/api.php,given_names,WikiRecordStatus.page,WikiRecordStatus.unevaluated,mkd,Cyrillic,Gender.female,Category:Macedonian female given names
29964,Кате,Кате,https://en.wiktionary.org/w/api.php,given_names,WikiRecordStatus.page,WikiRecordStatus.unevaluated,mkd,Cyrillic,Gender.female,Category:Macedonian female given names
29965,Катерина,Катерина,https://en.wiktionary.org/w/api.php,given_names,WikiRecordStatus.page,WikiRecordStatus.unevaluated,mkd,Cyrillic,Gender.female,Category:Macedonian female given names
29966,Кика,Кика,https://en.wiktionary.org/w/api.php,given_names,WikiRecordStatus.page,WikiRecordStatus.unevaluated,mkd,Cyrillic,Gender.female,Category:Macedonian female given names
29967,Климентина,Климентина,https://en.wiktionary.org/w/api.php,given_names,WikiRecordStatus.page,WikiRecordStatus.unevaluated,mkd,Cyrillic,Gender.female,Category:Macedonian female given names
29968,Кристина,Кристина,https://en.wiktionary.org/w/api.php,given_names,WikiRecordStatus.page,WikiRecordStatus.unevaluated,mkd,Cyrillic,Gender.female,Category:Macedonian female given names
29969,Ленка,Ленка,https://en.wiktionary.org/w/api.php,given_names,WikiRecordStatus.page,WikiRecordStatus.unevaluated,mkd,Cyrillic,Gender.female,Category:Macedonian female given names
29970,Ленче,Ленче,https://en.wiktionary.org/w/api.php,given_names,WikiRecordStatus.page,WikiRecordStatus.unevaluated,mkd,Cyrillic,Gender.female,Category:Macedonian female given names
29971,Леона,Леона,https://en.wiktionary.org/w/api.php,given_names,WikiRecordStatus.page,WikiRecordStatus.unevaluated,mkd,Cyrillic,Gender.female,Category:Macedonian female given names
29972,Лидија,Лидија,https://en.wiktionary.org/w/api.php,given_names,WikiRecordStatus.page,WikiRecordStatus.unevaluated,mkd,Cyrillic,Gender.female,Category:Macedonian female given names
29973,Лилјана,Лилјана,https://en.wiktionary.org/w/api.php,given_names,WikiRecordStatus.page,WikiRecordStatus.unevaluated,mkd,Cyrillic,Gender.female,Category:Macedonian female given names
29974,Маја,Маја,https://en.wiktionary.org/w/api.php,given_names,WikiRecordStatus.page,WikiRecordStatus.unevaluated,mkd,Cyrillic,Gender.female,Category:Macedonian female given names
29975,Македонка,Македонка,https://en.wiktionary.org/w/api.php,given_names,WikiRecordStatus.page,WikiRecordStatus.unevaluated,mkd,Cyrillic,Gender.female,Category:Macedonian female given names
29976,Малина,Малина,https://en.wiktionary.org/w/api.php,given_names,WikiRecordStatus.page,WikiRecordStatus.unevaluated,mkd,Cyrillic,Gender.female,Category:Macedonian female given names
29977,Марјана,Марјана,https://en.wiktionary.org/w/api.php,given_names,WikiRecordStatus.page,WikiRecordStatus.unevaluated,mkd,Cyrillic,Gender.female,Category:Macedonian female given names
29978,Марија,Марија,https://en.wiktionary.org/w/api.php,given_names,WikiRecordStatus.page,WikiRecordStatus.unevaluated,mkd,Cyrillic,Gender.female,Category:Macedonian female given names
29979,Марика,Марика,https://en.wiktionary.org/w/api.php,given_names,WikiRecordStatus.page,WikiRecordStatus.unevaluated,mkd,Cyrillic,Gender.female,Category:Macedonian female given names
29980,Марина,Марина,https://en.wiktionary.org/w/api.php,given_names,WikiRecordStatus.page,WikiRecordStatus.unevaluated,mkd,Cyrillic,Gender.female,Category:Macedonian female given names
29981,Марта,Марта,https://en.wiktionary.org/w/api.php,given_names,WikiRecordStatus.page,WikiRecordStatus.unevaluated,mkd,Cyrillic,Gender.female,Category:Macedonian female given names
29982,Мартина,Мартина,https://en.wiktionary.org/w/api.php,given_names,WikiRecordStatus.page,WikiRecordStatus.unevaluated,mkd,Cyrillic,Gender.female,Category:Macedonian female given names
29983,Матеа,Матеа,https://en.wiktionary.org/w/api.php,given_names,WikiRecordStatus.page,WikiRecordStatus.unevaluated,mkd,Cyrillic,Gender.female,Category:Macedonian female given names
29984,Миа,Миа,https://en.wiktionary.org/w/api.php,given_names,WikiRecordStatus.page,WikiRecordStatus.unevaluated,mkd,Cyrillic,Gender.female,Category:Macedonian female given names
29985,Мила,Мила,https://en.wiktionary.org/w/api.php,given_names,WikiRecordStatus.page,WikiRecordStatus.unevaluated,mkd,Cyrillic,Gender.female,Category:Macedonian female given names
29986,Милана,Милана,https://en.wiktionary.org/w/api.php,given_names,WikiRecordStatus.page,WikiRecordStatus.unevaluated,mkd,Cyrillic,Gender.female,Category:Macedonian female given names
29987,Миланка,Миланка,https://en.wiktionary.org/w/api.php,given_names,WikiRecordStatus.page,WikiRecordStatus.unevaluated,mkd,Cyrillic,Gender.female,Category:Macedonian female given names
29988,Милка,Милка,https://en.wiktionary.org/w/api.php,given_names,WikiRecordStatus.page,WikiRecordStatus.unevaluated,mkd,Cyrillic,Gender.female,Category:Macedonian female given names
29989,Мирјана,Мирјана,https://en.wiktionary.org/w/api.php,given_names,WikiRecordStatus.page,WikiRecordStatus.unevaluated,mkd,Cyrillic,Gender.female,Category:Macedonian female given names
29990,Мира,Мира,https://en.wiktionary.org/w/api.php,given_names,WikiRecordStatus.page,WikiRecordStatus.unevaluated,mkd,Cyrillic,Gender.female,Category:Macedonian female given names
29991,Мирка,Мирка,https://en.wiktionary.org/w/api.php,given_names,WikiRecordStatus.page,WikiRecordStatus.unevaluated,mkd,Cyrillic,Gender.female,Category:Macedonian female given names
29992,Моника,Моника,https://en.wiktionary.org/w/api.php,given_names,WikiRecordStatus.page,WikiRecordStatus.unevaluated,mkd,Cyrillic,Gender.female,Category:Macedonian female given names
29993,Нада,Нада,https://en.wiktionary.org/w/api.php,given_names,WikiRecordStatus.page,WikiRecordStatus.unevaluated,mkd,Cyrillic,Gender.female,Category:Macedonian female given names
29994,Наташа,Наташа,https://en.wiktionary.org/w/api.php,given_names,WikiRecordStatus.page,WikiRecordStatus.unevaluated,mkd,Cyrillic,Gender.female,Category:Macedonian female given names
29995,Наумка,Наумка,https://en.wiktionary.org/w/api.php,given_names,WikiRecordStatus.page,WikiRecordStatus.unevaluated,mkd,Cyrillic,Gender.female,Category:Macedonian female given names
29996,Невена,Невена,https://en.wiktionary.org/w/api.php,given_names,WikiRecordStatus.page,WikiRecordStatus.unevaluated,mkd,Cyrillic,Gender.female,Category:Macedonian female given names
29997,Невенка,Невенка,https://en.wiktionary.org/w/api.php,given_names,WikiRecordStatus.page,WikiRecordStatus.unevaluated,mkd,Cyrillic,Gender.female,Category:Macedonian female given names
29998,Николина,Николина,https://en.wiktionary.org/w/api.php,given_names,WikiRecordStatus.page,WikiRecordStatus.unevaluated,mkd,Cyrillic,Gender.female,Category:Macedonian female given names
29999,Нина,Нина,https://en.wiktionary.org/w/api.php,given_names,WikiRecordStatus.page,WikiRecordStatus.unevaluated,mkd,Cyrillic,Gender.female,Category:Macedonian female given names
30000,Оливера,Оливера,https://en.wiktionary.org/w/api.php,given_names,WikiRecordStatus.page,WikiRecordStatus.unevaluated,mkd,Cyrillic,Gender.female,Category:Macedonian female given names
30001,Параскева,Параскева,https://en.wiktionary.org/w/api.php,given_names,WikiRecordStatus.page,WikiRecordStatus.unevaluated,mkd,Cyrillic,Gender.female,Category:Macedonian female given names
30002,Перса,Перса,https://en.wiktionary.org/w/api.php,given_names,WikiRecordStatus.page,WikiRecordStatus.unevaluated,mkd,Cyrillic,Gender.female,Category:Macedonian female given names
30003,Петка,Петка,https://en.wiktionary.org/w/api.php,given_names,WikiRecordStatus.page,WikiRecordStatus.unevaluated,mkd,Cyrillic,Gender.female,Category:Macedonian female given names
30004,Петра,Петра,https://en.wiktionary.org/w/api.php,given_names,WikiRecordStatus.page,WikiRecordStatus.unevaluated,mkd,Cyrillic,Gender.female,Category:Macedonian female given names
30005,Радица,Радица,https://en.wiktionary.org/w/api.php,given_names,WikiRecordStatus.page,WikiRecordStatus.unevaluated,mkd,Cyrillic,Gender.female,Category:Macedonian female given names
30006,Радмила,Радмила,https://en.wiktionary.org/w/api.php,given_names,WikiRecordStatus.page,WikiRecordStatus.unevaluated,mkd,Cyrillic,Gender.female,Category:Macedonian female given names
30007,Ратка,Ратка,https://en.wiktionary.org/w/api.php,given_names,WikiRecordStatus.page,WikiRecordStatus.unevaluated,mkd,Cyrillic,Gender.female,Category:Macedonian female given names
30008,Роберта,Роберта,https://en.wiktionary.org/w/api.php,given_names,WikiRecordStatus.page,WikiRecordStatus.unevaluated,mkd,Cyrillic,Gender.female,Category:Macedonian female given names
30009,Роза,Роза,https://en.wiktionary.org/w/api.php,given_names,WikiRecordStatus.page,WikiRecordStatus.unevaluated,mkd,Cyrillic,Gender.female,Category:Macedonian female given names
30010,Ружа,Ружа,https://en.wiktionary.org/w/api.php,given_names,WikiRecordStatus.page,WikiRecordStatus.unevaluated,mkd,Cyrillic,Gender.female,Category:Macedonian female given names
30011,Сања,Сања,https://en.wiktionary.org/w/api.php,given_names,WikiRecordStatus.page,WikiRecordStatus.unevaluated,mkd,Cyrillic,Gender.female,Category:Macedonian female given names
30012,Сандра,Сандра,https://en.wiktionary.org/w/api.php,given_names,WikiRecordStatus.page,WikiRecordStatus.unevaluated,mkd,Cyrillic,Gender.female,Category:Macedonian female given names
30013,Сара,Сара,https://en.wiktionary.org/w/api.php,given_names,WikiRecordStatus.page,WikiRecordStatus.unevaluated,mkd,Cyrillic,Gender.female,Category:Macedonian female given names
30014,Сашка,Сашка,https://en.wiktionary.org/w/api.php,given_names,WikiRecordStatus.page,WikiRecordStatus.unevaluated,mkd,Cyrillic,Gender.female,Category:Macedonian female given names
30015,Светлана,Светлана,https://en.wiktionary.org/w/api.php,given_names,WikiRecordStatus.page,WikiRecordStatus.unevaluated,mkd,Cyrillic,Gender.female,Category:Macedonian female given names
30016,Севда,Севда,https://en.wiktionary.org/w/api.php,given_names,WikiRecordStatus.page,WikiRecordStatus.unevaluated,mkd,Cyrillic,Gender.female,Category:Macedonian female given names
30017,Силвија,Силвија,https://en.wiktionary.org/w/api.php,given_names,WikiRecordStatus.page,WikiRecordStatus.unevaluated,mkd,Cyrillic,Gender.female,Category:Macedonian female given names
30018,Симона,Симона,https://en.wiktionary.org/w/api.php,given_names,WikiRecordStatus.page,WikiRecordStatus.unevaluated,mkd,Cyrillic,Gender.female,Category:Macedonian female given names
30019,Синоличка,Синоличка,https://en.wiktionary.org/w/api.php,given_names,WikiRecordStatus.page,WikiRecordStatus.unevaluated,mkd,Cyrillic,Gender.female,Category:Macedonian female given names
30020,Славица,Славица,https://en.wiktionary.org/w/api.php,given_names,WikiRecordStatus.page,WikiRecordStatus.unevaluated,mkd,Cyrillic,Gender.female,Category:Macedonian female given names
30021,Славка,Славка,https://en.wiktionary.org/w/api.php,given_names,WikiRecordStatus.page,WikiRecordStatus.unevaluated,mkd,Cyrillic,Gender.female,Category:Macedonian female given names
30022,Снежа,Снежа,https://en.wiktionary.org/w/api.php,given_names,WikiRecordStatus.page,WikiRecordStatus.unevaluated,mkd,Cyrillic,Gender.female,Category:Macedonian female given names
30023,Снежана,Снежана,https://en.wiktionary.org/w/api.php,given_names,WikiRecordStatus.page,WikiRecordStatus.unevaluated,mkd,Cyrillic,Gender.female,Category:Macedonian female given names
30024,Снеже,Снеже,https://en.wiktionary.org/w/api.php,given_names,WikiRecordStatus.page,WikiRecordStatus.unevaluated,mkd,Cyrillic,Gender.female,Category:Macedonian female given names
30025,Снешка,Снешка,https://en.wiktionary.org/w/api.php,given_names,WikiRecordStatus.page,WikiRecordStatus.unevaluated,mkd,Cyrillic,Gender.female,Category:Macedonian female given names
30026,Соња,Соња,https://en.wiktionary.org/w/api.php,given_names,WikiRecordStatus.page,WikiRecordStatus.unevaluated,mkd,Cyrillic,Gender.female,Category:Macedonian female given names
30027,Сончица,Сончица,https://en.wiktionary.org/w/api.php,given_names,WikiRecordStatus.page,WikiRecordStatus.unevaluated,mkd,Cyrillic,Gender.female,Category:Macedonian female given names
30028,Софија,Софија,https://en.wiktionary.org/w/api.php,given_names,WikiRecordStatus.page,WikiRecordStatus.unevaluated,mkd,Cyrillic,Gender.female,Category:Macedonian female given names
30029,Спаса,Спаса,https://en.wiktionary.org/w/api.php,given_names,WikiRecordStatus.page,WikiRecordStatus.unevaluated,mkd,Cyrillic,Gender.female,Category:Macedonian female given names
30030,Спасена,Спасена,https://en.wiktionary.org/w/api.php,given_names,WikiRecordStatus.page,WikiRecordStatus.unevaluated,mkd,Cyrillic,Gender.female,Category:Macedonian female given names
30031,Спасенка,Спасенка,https://en.wiktionary.org/w/api.php,given_names,WikiRecordStatus.page,WikiRecordStatus.unevaluated,mkd,Cyrillic,Gender.female,Category:Macedonian female given names
30032,Спаска,Спаска,https://en.wiktionary.org/w/api.php,given_names,WikiRecordStatus.page,WikiRecordStatus.unevaluated,mkd,Cyrillic,Gender.female,Category:Macedonian female given names
30033,Споменка,Споменка,https://en.wiktionary.org/w/api.php,given_names,WikiRecordStatus.page,WikiRecordStatus.unevaluated,mkd,Cyrillic,Gender.female,Category:Macedonian female given names
30034,Сребра,Сребра,https://en.wiktionary.org/w/api.php,given_names,WikiRecordStatus.page,WikiRecordStatus.unevaluated,mkd,Cyrillic,Gender.female,Category:Macedonian female given names
30035,Срна,Срна,https://en.wiktionary.org/w/api.php,given_names,WikiRecordStatus.page,WikiRecordStatus.unevaluated,mkd,Cyrillic,Gender.female,Category:Macedonian female given names
30036,Стела,Стела,https://en.wiktionary.org/w/api.php,given_names,WikiRecordStatus.page,WikiRecordStatus.unevaluated,mkd,Cyrillic,Gender.female,Category:Macedonian female given names
30037,Стефанија,Стефанија,https://en.wiktionary.org/w/api.php,given_names,WikiRecordStatus.page,WikiRecordStatus.unevaluated,mkd,Cyrillic,Gender.female,Category:Macedonian female given names
30038,Стојанка,Стојанка,https://en.wiktionary.org/w/api.php,given_names,WikiRecordStatus.page,WikiRecordStatus.unevaluated,mkd,Cyrillic,Gender.female,Category:Macedonian female given names
30039,Стојна,Стојна,https://en.wiktionary.org/w/api.php,given_names,WikiRecordStatus.page,WikiRecordStatus.unevaluated,mkd,Cyrillic,Gender.female,Category:Macedonian female given names
30040,Сузана,Сузана,https://en.wiktionary.org/w/api.php,given_names,WikiRecordStatus.page,WikiRecordStatus.unevaluated,mkd,Cyrillic,Gender.female,Category:Macedonian female given names
30041,Тања,Тања,https://en.wiktionary.org/w/api.php,given_names,WikiRecordStatus.page,WikiRecordStatus.unevaluated,mkd,Cyrillic,Gender.female,Category:Macedonian female given names
30042,Тамара,Тамара,https://en.wiktionary.org/w/api.php,given_names,WikiRecordStatus.page,WikiRecordStatus.unevaluated,mkd,Cyrillic,Gender.female,Category:Macedonian female given names
30043,Татјана,Татјана,https://en.wiktionary.org/w/api.php,given_names,WikiRecordStatus.page,WikiRecordStatus.unevaluated,mkd,Cyrillic,Gender.female,Category:Macedonian female given names
30044,Теодора,Теодора,https://en.wiktionary.org/w/api.php,given_names,WikiRecordStatus.page,WikiRecordStatus.unevaluated,mkd,Cyrillic,Gender.female,Category:Macedonian female given names
30045,Теона,Теона,https://en.wiktionary.org/w/api.php,given_names,WikiRecordStatus.page,WikiRecordStatus.unevaluated,mkd,Cyrillic,Gender.female,Category:Macedonian female given names
30046,Тијана,Тијана,https://en.wiktionary.org/w/api.php,given_names,WikiRecordStatus.page,WikiRecordStatus.unevaluated,mkd,Cyrillic,Gender.female,Category:Macedonian female given names
30047,Тодорка,Тодорка,https://en.wiktionary.org/w/api.php,given_names,WikiRecordStatus.page,WikiRecordStatus.unevaluated,mkd,Cyrillic,Gender.female,Category:Macedonian female given names
30048,Тофанија,Тофанија,https://en.wiktionary.org/w/api.php,given_names,WikiRecordStatus.page,WikiRecordStatus.unevaluated,mkd,Cyrillic,Gender.female,Category:Macedonian female given names
30049,Трајанка,Трајанка,https://en.wiktionary.org/w/api.php,given_names,WikiRecordStatus.page,WikiRecordStatus.unevaluated,mkd,Cyrillic,Gender.female,Category:Macedonian female given names
30050,Трајка,Трајка,https://en.wiktionary.org/w/api.php,given_names,WikiRecordStatus.page,WikiRecordStatus.unevaluated,mkd,Cyrillic,Gender.female,Category:Macedonian female given names
30051,Трендафила,Трендафила,https://en.wiktionary.org/w/api.php,given_names,WikiRecordStatus.page,WikiRecordStatus.unevaluated,mkd,Cyrillic,Gender.female,Category:Macedonian female given names
30052,Трендафилка,Трендафилка,https://en.wiktionary.org/w/api.php,given_names,WikiRecordStatus.page,WikiRecordStatus.unevaluated,mkd,Cyrillic,Gender.female,Category:Macedonian female given names
30053,Трпана,Трпана,https://en.wiktionary.org/w/api.php,given_names,WikiRecordStatus.page,WikiRecordStatus.unevaluated,mkd,Cyrillic,Gender.female,Category:Macedonian female given names
30054,Убавка,Убавка,https://en.wiktionary.org/w/api.php,given_names,WikiRecordStatus.page,WikiRecordStatus.unevaluated,mkd,Cyrillic,Gender.female,Category:Macedonian female given names
30055,Филимена,Филимена,https://en.wiktionary.org/w/api.php,given_names,WikiRecordStatus.page,WikiRecordStatus.unevaluated,mkd,Cyrillic,Gender.female,Category:Macedonian female given names
30056,Фросина,Фросина,https://en.wiktionary.org/w/api.php,given_names,WikiRecordStatus.page,WikiRecordStatus.unevaluated,mkd,Cyrillic,Gender.female,Category:Macedonian female given names
30057,Христина,Христина,https://en.wiktionary.org/w/api.php,given_names,WikiRecordStatus.page,WikiRecordStatus.unevaluated,mkd,Cyrillic,Gender.female,Category:Macedonian female given names
30058,Цвета,Цвета,https://en.wiktionary.org/w/api.php,given_names,WikiRecordStatus.page,WikiRecordStatus.unevaluated,mkd,Cyrillic,Gender.female,Category:Macedonian female given names
30059,Цветанка,Цветанка,https://en.wiktionary.org/w/api.php,given_names,WikiRecordStatus.page,WikiRecordStatus.unevaluated,mkd,Cyrillic,Gender.female,Category:Macedonian female given names
30060,Цветка,Цветка,https://en.wiktionary.org/w/api.php,given_names,WikiRecordStatus.page,WikiRecordStatus.unevaluated,mkd,Cyrillic,Gender.female,Category:Macedonian female given names
30061,Ѓоко,Ѓоко,https://en.wiktionary.org/w/api.php,given_names,WikiRecordStatus.page,WikiRecordStatus.unevaluated,mkd,Cyrillic,Gender.male,Category:Macedonian male given names
30062,Ѓорѓи,Ѓорѓи,https://en.wiktionary.org/w/api.php,given_names,WikiRecordStatus.page,WikiRecordStatus.unevaluated,mkd,Cyrillic,Gender.male,Category:Macedonian male given names
30063,Ѓорѓија,Ѓорѓија,https://en.wiktionary.org/w/api.php,given_names,WikiRecordStatus.page,WikiRecordStatus.unevaluated,mkd,Cyrillic,Gender.male,Category:Macedonian male given names
30064,Ѓоре,Ѓоре,https://en.wiktionary.org/w/api.php,given_names,WikiRecordStatus.page,WikiRecordStatus.unevaluated,mkd,Cyrillic,Gender.male,Category:Macedonian male given names
30065,Ѓорче,Ѓорче,https://en.wiktionary.org/w/api.php,given_names,WikiRecordStatus.page,WikiRecordStatus.unevaluated,mkd,Cyrillic,Gender.male,Category:Macedonian male given names
30066,Ѓурчин,Ѓурчин,https://en.wiktionary.org/w/api.php,given_names,WikiRecordStatus.page,WikiRecordStatus.unevaluated,mkd,Cyrillic,Gender.male,Category:Macedonian male given names
30067,Ѕвездан,Ѕвездан,https://en.wiktionary.org/w/api.php,given_names,WikiRecordStatus.page,WikiRecordStatus.unevaluated,mkd,Cyrillic,Gender.male,Category:Macedonian male given names
30068,Ѕвонко,Ѕвонко,https://en.wiktionary.org/w/api.php,given_names,WikiRecordStatus.page,WikiRecordStatus.unevaluated,mkd,Cyrillic,Gender.male,Category:Macedonian male given names
30069,Јаков,Јаков,https://en.wiktionary.org/w/api.php,given_names,WikiRecordStatus.page,WikiRecordStatus.unevaluated,mkd,Cyrillic,Gender.male,Category:Macedonian male given names
30070,Јане,Јане,https://en.wiktionary.org/w/api.php,given_names,WikiRecordStatus.page,WikiRecordStatus.unevaluated,mkd,Cyrillic,Gender.male,Category:Macedonian male given names
30071,Јанко,Јанко,https://en.wiktionary.org/w/api.php,given_names,WikiRecordStatus.page,WikiRecordStatus.unevaluated,mkd,Cyrillic,Gender.male,Category:Macedonian male given names
30072,Јоаким,Јоаким,https://en.wiktionary.org/w/api.php,given_names,WikiRecordStatus.page,WikiRecordStatus.unevaluated,mkd,Cyrillic,Gender.male,Category:Macedonian male given names
30073,Јован,Јован,https://en.wiktionary.org/w/api.php,given_names,WikiRecordStatus.page,WikiRecordStatus.unevaluated,mkd,Cyrillic,Gender.male,Category:Macedonian male given names
30074,Јоле,Јоле,https://en.wiktionary.org/w/api.php,given_names,WikiRecordStatus.page,WikiRecordStatus.unevaluated,mkd,Cyrillic,Gender.male,Category:Macedonian male given names
30075,Јордан,Јордан,https://en.wiktionary.org/w/api.php,given_names,WikiRecordStatus.page,WikiRecordStatus.unevaluated,mkd,Cyrillic,Gender.male,Category:Macedonian male given names
30076,Јорде,Јорде,https://en.wiktionary.org/w/api.php,given_names,WikiRecordStatus.page,WikiRecordStatus.unevaluated,mkd,Cyrillic,Gender.male,Category:Macedonian male given names
30077,Јосиф,Јосиф,https://en.wiktionary.org/w/api.php,given_names,WikiRecordStatus.page,WikiRecordStatus.unevaluated,mkd,Cyrillic,Gender.male,Category:Macedonian male given names
30078,Јоцо,Јоцо,https://en.wiktionary.org/w/api.php,given_names,WikiRecordStatus.page,WikiRecordStatus.unevaluated,mkd,Cyrillic,Gender.male,Category:Macedonian male given names
30079,Љубомир,Љубомир,https://en.wiktionary.org/w/api.php,given_names,WikiRecordStatus.page,WikiRecordStatus.unevaluated,mkd,Cyrillic,Gender.male,Category:Macedonian male given names
30080,Љупчо,Љупчо,https://en.wiktionary.org/w/api.php,given_names,WikiRecordStatus.page,WikiRecordStatus.unevaluated,mkd,Cyrillic,Gender.male,Category:Macedonian male given names
30081,Ќирил,Ќирил,https://en.wiktionary.org/w/api.php,given_names,WikiRecordStatus.page,WikiRecordStatus.unevaluated,mkd,Cyrillic,Gender.male,Category:Macedonian male given names
30082,Аврам,Аврам,https://en.wiktionary.org/w/api.php,given_names,WikiRecordStatus.page,WikiRecordStatus.unevaluated,mkd,Cyrillic,Gender.male,Category:Macedonian male given names
30083,Александар,Александар,https://en.wiktionary.org/w/api.php,given_names,WikiRecordStatus.page,WikiRecordStatus.unevaluated,mkd,Cyrillic,Gender.male,Category:Macedonian male given names
30084,Ангел,Ангел,https://en.wiktionary.org/w/api.php,given_names,WikiRecordStatus.page,WikiRecordStatus.unevaluated,mkd,Cyrillic,Gender.male,Category:Macedonian male given names
30085,Ангеле,Ангеле,https://en.wiktionary.org/w/api.php,given_names,WikiRecordStatus.page,WikiRecordStatus.unevaluated,mkd,Cyrillic,Gender.male,Category:Macedonian male given names
30086,Андреј,Андреј,https://en.wiktionary.org/w/api.php,given_names,WikiRecordStatus.page,WikiRecordStatus.unevaluated,mkd,Cyrillic,Gender.male,Category:Macedonian male given names
30087,Андреа,Андреа,https://en.wiktionary.org/w/api.php,given_names,WikiRecordStatus.page,WikiRecordStatus.unevaluated,mkd,Cyrillic,Gender.male,Category:Macedonian male given names
30088,Антониј,Антониј,https://en.wiktionary.org/w/api.php,given_names,WikiRecordStatus.page,WikiRecordStatus.unevaluated,mkd,Cyrillic,Gender.male,Category:Macedonian male given names
30089,Арсен,Арсен,https://en.wiktionary.org/w/api.php,given_names,WikiRecordStatus.page,WikiRecordStatus.unevaluated,mkd,Cyrillic,Gender.male,Category:Macedonian male given names
30090,Атанас,Атанас,https://en.wiktionary.org/w/api.php,given_names,WikiRecordStatus.page,WikiRecordStatus.unevaluated,mkd,Cyrillic,Gender.male,Category:Macedonian male given names
30091,Аце,Аце,https://en.wiktionary.org/w/api.php,given_names,WikiRecordStatus.page,WikiRecordStatus.unevaluated,mkd,Cyrillic,Gender.male,Category:Macedonian male given names
30092,Ацко,Ацко,https://en.wiktionary.org/w/api.php,given_names,WikiRecordStatus.page,WikiRecordStatus.unevaluated,mkd,Cyrillic,Gender.male,Category:Macedonian male given names
30093,Ацо,Ацо,https://en.wiktionary.org/w/api.php,given_names,WikiRecordStatus.page,WikiRecordStatus.unevaluated,mkd,Cyrillic,Gender.male,Category:Macedonian male given names
30094,Билјан,Билјан,https://en.wiktionary.org/w/api.php,given_names,WikiRecordStatus.page,WikiRecordStatus.unevaluated,mkd,Cyrillic,Gender.male,Category:Macedonian male given names
30095,Благоја,Благоја,https://en.wiktionary.org/w/api.php,given_names,WikiRecordStatus.page,WikiRecordStatus.unevaluated,mkd,Cyrillic,Gender.male,Category:Macedonian male given names
30096,Бојан,Бојан,https://en.wiktionary.org/w/api.php,given_names,WikiRecordStatus.page,WikiRecordStatus.unevaluated,mkd,Cyrillic,Gender.male,Category:Macedonian male given names
30097,Богдан,Богдан,https://en.wiktionary.org/w/api.php,given_names,WikiRecordStatus.page,WikiRecordStatus.unevaluated,mkd,Cyrillic,Gender.male,Category:Macedonian male given names
30098,Боки,Боки,https://en.wiktionary.org/w/api.php,given_names,WikiRecordStatus.page,WikiRecordStatus.unevaluated,mkd,Cyrillic,Gender.male,Category:Macedonian male given names
30099,Борјан,Борјан,https://en.wiktionary.org/w/api.php,given_names,WikiRecordStatus.page,WikiRecordStatus.unevaluated,mkd,Cyrillic,Gender.male,Category:Macedonian male given names
30100,Борис,Борис,https://en.wiktionary.org/w/api.php,given_names,WikiRecordStatus.page,WikiRecordStatus.unevaluated,mkd,Cyrillic,Gender.male,Category:Macedonian male given names
30101,Босилко,Босилко,https://en.wiktionary.org/w/api.php,given_names,WikiRecordStatus.page,WikiRecordStatus.unevaluated,mkd,Cyrillic,Gender.male,Category:Macedonian male given names
30102,Бранко,Бранко,https://en.wiktionary.org/w/api.php,given_names,WikiRecordStatus.page,WikiRecordStatus.unevaluated,mkd,Cyrillic,Gender.male,Category:Macedonian male given names
30103,Васил,Васил,https://en.wiktionary.org/w/api.php,given_names,WikiRecordStatus.page,WikiRecordStatus.unevaluated,mkd,Cyrillic,Gender.male,Category:Macedonian male given names
30104,Велјан,Велјан,https://en.wiktionary.org/w/api.php,given_names,WikiRecordStatus.page,WikiRecordStatus.unevaluated,mkd,Cyrillic,Gender.male,Category:Macedonian male given names
30105,Велибор,Велибор,https://en.wiktionary.org/w/api.php,given_names,WikiRecordStatus.page,WikiRecordStatus.unevaluated,mkd,Cyrillic,Gender.male,Category:Macedonian male given names
30106,Велимир,Велимир,https://en.wiktionary.org/w/api.php,given_names,WikiRecordStatus.page,WikiRecordStatus.unevaluated,mkd,Cyrillic,Gender.male,Category:Macedonian male given names
30107,Венко,Венко,https://en.wiktionary.org/w/api.php,given_names,WikiRecordStatus.page,WikiRecordStatus.unevaluated,mkd,Cyrillic,Gender.male,Category:Macedonian male given names
30108,Веселин,Веселин,https://en.wiktionary.org/w/api.php,given_names,WikiRecordStatus.page,WikiRecordStatus.unevaluated,mkd,Cyrillic,Gender.male,Category:Macedonian male given names
30109,Виктор,Виктор,https://en.wiktionary.org/w/api.php,given_names,WikiRecordStatus.page,WikiRecordStatus.unevaluated,mkd,Cyrillic,Gender.male,Category:Macedonian male given names
30110,Владимир,Владимир,https://en.wiktionary.org/w/api.php,given_names,WikiRecordStatus.page,WikiRecordStatus.unevaluated,mkd,Cyrillic,Gender.male,Category:Macedonian male given names
30111,Владислав,Владислав,https://en.wiktionary.org/w/api.php,given_names,WikiRecordStatus.page,WikiRecordStatus.unevaluated,mkd,Cyrillic,Gender.male,Category:Macedonian male given names
30112,Војдан,Војдан,https://en.wiktionary.org/w/api.php,given_names,WikiRecordStatus.page,WikiRecordStatus.unevaluated,mkd,Cyrillic,Gender.male,Category:Macedonian male given names
30113,Гаврил,Гаврил,https://en.wiktionary.org/w/api.php,given_names,WikiRecordStatus.page,WikiRecordStatus.unevaluated,mkd,Cyrillic,Gender.male,Category:Macedonian male given names
30114,Герасим,Герасим,https://en.wiktionary.org/w/api.php,given_names,WikiRecordStatus.page,WikiRecordStatus.unevaluated,mkd,Cyrillic,Gender.male,Category:Macedonian male given names
30115,Глигор,Глигор,https://en.wiktionary.org/w/api.php,given_names,WikiRecordStatus.page,WikiRecordStatus.unevaluated,mkd,Cyrillic,Gender.male,Category:Macedonian male given names
30116,Горазд,Горазд,https://en.wiktionary.org/w/api.php,given_names,WikiRecordStatus.page,WikiRecordStatus.unevaluated,mkd,Cyrillic,Gender.male,Category:Macedonian male given names
30117,Горан,Горан,https://en.wiktionary.org/w/api.php,given_names,WikiRecordStatus.page,WikiRecordStatus.unevaluated,mkd,Cyrillic,Gender.male,Category:Macedonian male given names
30118,Гоце,Гоце,https://en.wiktionary.org/w/api.php,given_names,WikiRecordStatus.page,WikiRecordStatus.unevaluated,mkd,Cyrillic,Gender.male,Category:Macedonian male given names
30119,Давид,Давид,https://en.wiktionary.org/w/api.php,given_names,WikiRecordStatus.page,WikiRecordStatus.unevaluated,mkd,Cyrillic,Gender.male,Category:Macedonian male given names
30120,Давор,Давор,https://en.wiktionary.org/w/api.php,given_names,WikiRecordStatus.page,WikiRecordStatus.unevaluated,mkd,Cyrillic,Gender.male,Category:Macedonian male given names
30121,Далибор,Далибор,https://en.wiktionary.org/w/api.php,given_names,WikiRecordStatus.page,WikiRecordStatus.unevaluated,mkd,Cyrillic,Gender.male,Category:Macedonian male given names
30122,Дамјан,Дамјан,https://en.wiktionary.org/w/api.php,given_names,WikiRecordStatus.page,WikiRecordStatus.unevaluated,mkd,Cyrillic,Gender.male,Category:Macedonian male given names
30123,Даниел,Даниел,https://en.wiktionary.org/w/api.php,given_names,WikiRecordStatus.page,WikiRecordStatus.unevaluated,mkd,Cyrillic,Gender.male,Category:Macedonian male given names
30124,Дарио,Дарио,https://en.wiktionary.org/w/api.php,given_names,WikiRecordStatus.page,WikiRecordStatus.unevaluated,mkd,Cyrillic,Gender.male,Category:Macedonian male given names
30125,Дарко,Дарко,https://en.wiktionary.org/w/api.php,given_names,WikiRecordStatus.page,WikiRecordStatus.unevaluated,mkd,Cyrillic,Gender.male,Category:Macedonian male given names
30126,Дејан,Дејан,https://en.wiktionary.org/w/api.php,given_names,WikiRecordStatus.page,WikiRecordStatus.unevaluated,mkd,Cyrillic,Gender.male,Category:Macedonian male given names
30127,Делјан,Делјан,https://en.wiktionary.org/w/api.php,given_names,WikiRecordStatus.page,WikiRecordStatus.unevaluated,mkd,Cyrillic,Gender.male,Category:Macedonian male given names
30128,Димитар,Димитар,https://en.wiktionary.org/w/api.php,given_names,WikiRecordStatus.page,WikiRecordStatus.unevaluated,mkd,Cyrillic,Gender.male,Category:Macedonian male given names
30129,Димче,Димче,https://en.wiktionary.org/w/api.php,given_names,WikiRecordStatus.page,WikiRecordStatus.unevaluated,mkd,Cyrillic,Gender.male,Category:Macedonian male given names
30130,Дончо,Дончо,https://en.wiktionary.org/w/api.php,given_names,WikiRecordStatus.page,WikiRecordStatus.unevaluated,mkd,Cyrillic,Gender.male,Category:Macedonian male given names
30131,Драган,Драган,https://en.wiktionary.org/w/api.php,given_names,WikiRecordStatus.page,WikiRecordStatus.unevaluated,mkd,Cyrillic,Gender.male,Category:Macedonian male given names
30132,Душан,Душан,https://en.wiktionary.org/w/api.php,given_names,WikiRecordStatus.page,WikiRecordStatus.unevaluated,mkd,Cyrillic,Gender.male,Category:Macedonian male given names
30133,Душко,Душко,https://en.wiktionary.org/w/api.php,given_names,WikiRecordStatus.page,WikiRecordStatus.unevaluated,mkd,Cyrillic,Gender.male,Category:Macedonian male given names
30134,Евгениј,Евгениј,https://en.wiktionary.org/w/api.php,given_names,WikiRecordStatus.page,WikiRecordStatus.unevaluated,mkd,Cyrillic,Gender.male,Category:Macedonian male given names
30135,Емил,Емил,https://en.wiktionary.org/w/api.php,given_names,WikiRecordStatus.page,WikiRecordStatus.unevaluated,mkd,Cyrillic,Gender.male,Category:Macedonian male given names
30136,Жарко,Жарко,https://en.wiktionary.org/w/api.php,given_names,WikiRecordStatus.page,WikiRecordStatus.unevaluated,mkd,Cyrillic,Gender.male,Category:Macedonian male given names
30137,Живко,Живко,https://en.wiktionary.org/w/api.php,given_names,WikiRecordStatus.page,WikiRecordStatus.unevaluated,mkd,Cyrillic,Gender.male,Category:Macedonian male given names
30138,Здравко,Здравко,https://en.wiktionary.org/w/api.php,given_names,WikiRecordStatus.page,WikiRecordStatus.unevaluated,mkd,Cyrillic,Gender.male,Category:Macedonian male given names
30139,Злате,Злате,https://en.wiktionary.org/w/api.php,given_names,WikiRecordStatus.page,WikiRecordStatus.unevaluated,mkd,Cyrillic,Gender.male,Category:Macedonian male given names
30140,Златко,Златко,https://en.wiktionary.org/w/api.php,given_names,WikiRecordStatus.page,WikiRecordStatus.unevaluated,mkd,Cyrillic,Gender.male,Category:Macedonian male given names
30141,Зоки,Зоки,https://en.wiktionary.org/w/api.php,given_names,WikiRecordStatus.page,WikiRecordStatus.unevaluated,mkd,Cyrillic,Gender.male,Category:Macedonian male given names
30142,Зоран,Зоран,https://en.wiktionary.org/w/api.php,given_names,WikiRecordStatus.page,WikiRecordStatus.unevaluated,mkd,Cyrillic,Gender.male,Category:Macedonian male given names
30143,Иван,Иван,https://en.wiktionary.org/w/api.php,given_names,WikiRecordStatus.page,WikiRecordStatus.unevaluated,mkd,Cyrillic,Gender.male,Category:Macedonian male given names
30144,Игор,Игор,https://en.wiktionary.org/w/api.php,given_names,WikiRecordStatus.page,WikiRecordStatus.unevaluated,mkd,Cyrillic,Gender.male,Category:Macedonian male given names
30145,Илија,Илија,https://en.wiktionary.org/w/api.php,given_names,WikiRecordStatus.page,WikiRecordStatus.unevaluated,mkd,Cyrillic,Gender.male,Category:Macedonian male given names
30146,Илко,Илко,https://en.wiktionary.org/w/api.php,given_names,WikiRecordStatus.page,WikiRecordStatus.unevaluated,mkd,Cyrillic,Gender.male,Category:Macedonian male given names
30147,Кико,Кико,https://en.wiktionary.org/w/api.php,given_names,WikiRecordStatus.page,WikiRecordStatus.unevaluated,mkd,Cyrillic,Gender.male,Category:Macedonian male given names
30148,Кире,Кире,https://en.wiktionary.org/w/api.php,given_names,WikiRecordStatus.page,WikiRecordStatus.unevaluated,mkd,Cyrillic,Gender.male,Category:Macedonian male given names
30149,Кирил,Кирил,https://en.wiktionary.org/w/api.php,given_names,WikiRecordStatus.page,WikiRecordStatus.unevaluated,mkd,Cyrillic,Gender.male,Category:Macedonian male given names
30150,Климент,Климент,https://en.wiktionary.org/w/api.php,given_names,WikiRecordStatus.page,WikiRecordStatus.unevaluated,mkd,Cyrillic,Gender.male,Category:Macedonian male given names
30151,Константин,Константин,https://en.wiktionary.org/w/api.php,given_names,WikiRecordStatus.page,WikiRecordStatus.unevaluated,mkd,Cyrillic,Gender.male,Category:Macedonian male given names
30152,Коста,Коста,https://en.wiktionary.org/w/api.php,given_names,WikiRecordStatus.page,WikiRecordStatus.unevaluated,mkd,Cyrillic,Gender.male,Category:Macedonian male given names
30153,Костадин,Костадин,https://en.wiktionary.org/w/api.php,given_names,WikiRecordStatus.page,WikiRecordStatus.unevaluated,mkd,Cyrillic,Gender.male,Category:Macedonian male given names
30154,Кочо,Кочо,https://en.wiktionary.org/w/api.php,given_names,WikiRecordStatus.page,WikiRecordStatus.unevaluated,mkd,Cyrillic,Gender.male,Category:Macedonian male given names
30155,Кристијан,Кристијан,https://en.wiktionary.org/w/api.php,given_names,WikiRecordStatus.page,WikiRecordStatus.unevaluated,mkd,Cyrillic,Gender.male,Category:Macedonian male given names
30156,Лазар,Лазар,https://en.wiktionary.org/w/api.php,given_names,WikiRecordStatus.page,WikiRecordStatus.unevaluated,mkd,Cyrillic,Gender.male,Category:Macedonian male given names
30157,Леонид,Леонид,https://en.wiktionary.org/w/api.php,given_names,WikiRecordStatus.page,WikiRecordStatus.unevaluated,mkd,Cyrillic,Gender.male,Category:Macedonian male given names
30158,Лука,Лука,https://en.wiktionary.org/w/api.php,given_names,WikiRecordStatus.page,WikiRecordStatus.unevaluated,mkd,Cyrillic,Gender.male,Category:Macedonian male given names
30159,Македон,Македон,https://en.wiktionary.org/w/api.php,given_names,WikiRecordStatus.page,WikiRecordStatus.unevaluated,mkd,Cyrillic,Gender.male,Category:Macedonian male given names
30160,Максим,Максим,https://en.wiktionary.org/w/api.php,given_names,WikiRecordStatus.page,WikiRecordStatus.unevaluated,mkd,Cyrillic,Gender.male,Category:Macedonian male given names
30161,Марјан,Марјан,https://en.wiktionary.org/w/api.php,given_names,WikiRecordStatus.page,WikiRecordStatus.unevaluated,mkd,Cyrillic,Gender.male,Category:Macedonian male given names
30162,Марко,Марко,https://en.wiktionary.org/w/api.php,given_names,WikiRecordStatus.page,WikiRecordStatus.unevaluated,mkd,Cyrillic,Gender.male,Category:Macedonian male given names
30163,Мартин,Мартин,https://en.wiktionary.org/w/api.php,given_names,WikiRecordStatus.page,WikiRecordStatus.unevaluated,mkd,Cyrillic,Gender.male,Category:Macedonian male given names
30164,Матеј,Матеј,https://en.wiktionary.org/w/api.php,given_names,WikiRecordStatus.page,WikiRecordStatus.unevaluated,mkd,Cyrillic,Gender.male,Category:Macedonian male given names
30165,Методиј,Методиј,https://en.wiktionary.org/w/api.php,given_names,WikiRecordStatus.page,WikiRecordStatus.unevaluated,mkd,Cyrillic,Gender.male,Category:Macedonian male given names
30166,Милан,Милан,https://en.wiktionary.org/w/api.php,given_names,WikiRecordStatus.page,WikiRecordStatus.unevaluated,mkd,Cyrillic,Gender.male,Category:Macedonian male given names
30167,Миланко,Миланко,https://en.wiktionary.org/w/api.php,given_names,WikiRecordStatus.page,WikiRecordStatus.unevaluated,mkd,Cyrillic,Gender.male,Category:Macedonian male given names
30168,Миланче,Миланче,https://en.wiktionary.org/w/api.php,given_names,WikiRecordStatus.page,WikiRecordStatus.unevaluated,mkd,Cyrillic,Gender.male,Category:Macedonian male given names
30169,Миланчо,Миланчо,https://en.wiktionary.org/w/api.php,given_names,WikiRecordStatus.page,WikiRecordStatus.unevaluated,mkd,Cyrillic,Gender.male,Category:Macedonian male given names
30170,Миле,Миле,https://en.wiktionary.org/w/api.php,given_names,WikiRecordStatus.page,WikiRecordStatus.unevaluated,mkd,Cyrillic,Gender.male,Category:Macedonian male given names
30171,Милко,Милко,https://en.wiktionary.org/w/api.php,given_names,WikiRecordStatus.page,WikiRecordStatus.unevaluated,mkd,Cyrillic,Gender.male,Category:Macedonian male given names
30172,Мире,Мире,https://en.wiktionary.org/w/api.php,given_names,WikiRecordStatus.page,WikiRecordStatus.unevaluated,mkd,Cyrillic,Gender.male,Category:Macedonian male given names
30173,Мирко,Мирко,https://en.wiktionary.org/w/api.php,given_names,WikiRecordStatus.page,WikiRecordStatus.unevaluated,mkd,Cyrillic,Gender.male,Category:Macedonian male given names
30174,Мирослав,Мирослав,https://en.wiktionary.org/w/api.php,given_names,WikiRecordStatus.page,WikiRecordStatus.unevaluated,mkd,Cyrillic,Gender.male,Category:Macedonian male given names
30175,Мирче,Мирче,https://en.wiktionary.org/w/api.php,given_names,WikiRecordStatus.page,WikiRecordStatus.unevaluated,mkd,Cyrillic,Gender.male,Category:Macedonian male given names
30176,Мирчо,Мирчо,https://en.wiktionary.org/w/api.php,given_names,WikiRecordStatus.page,WikiRecordStatus.unevaluated,mkd,Cyrillic,Gender.male,Category:Macedonian male given names
30177,Митре,Митре,https://en.wiktionary.org/w/api.php,given_names,WikiRecordStatus.page,WikiRecordStatus.unevaluated,mkd,Cyrillic,Gender.male,Category:Macedonian male given names
30178,Михај,Михај,https://en.wiktionary.org/w/api.php,given_names,WikiRecordStatus.page,WikiRecordStatus.unevaluated,mkd,Cyrillic,Gender.male,Category:Macedonian male given names
30179,Михаил,Михаил,https://en.wiktionary.org/w/api.php,given_names,WikiRecordStatus.page,WikiRecordStatus.unevaluated,mkd,Cyrillic,Gender.male,Category:Macedonian male given names
30180,Мице,Мице,https://en.wiktionary.org/w/api.php,given_names,WikiRecordStatus.page,WikiRecordStatus.unevaluated,mkd,Cyrillic,Gender.male,Category:Macedonian male given names
30181,Мицко,Мицко,https://en.wiktionary.org/w/api.php,given_names,WikiRecordStatus.page,WikiRecordStatus.unevaluated,mkd,Cyrillic,Gender.male,Category:Macedonian male given names
30182,Наум,Наум,https://en.wiktionary.org/w/api.php,given_names,WikiRecordStatus.page,WikiRecordStatus.unevaluated,mkd,Cyrillic,Gender.male,Category:Macedonian male given names
30183,Невен,Невен,https://en.wiktionary.org/w/api.php,given_names,WikiRecordStatus.page,WikiRecordStatus.unevaluated,mkd,Cyrillic,Gender.male,Category:Macedonian male given names
30184,Ненад,Ненад,https://en.wiktionary.org/w/api.php,given_names,WikiRecordStatus.page,WikiRecordStatus.unevaluated,mkd,Cyrillic,Gender.male,Category:Macedonian male given names
30185,Никола,Никола,https://en.wiktionary.org/w/api.php,given_names,WikiRecordStatus.page,WikiRecordStatus.unevaluated,mkd,Cyrillic,Gender.male,Category:Macedonian male given names
30186,Огнен,Огнен,https://en.wiktionary.org/w/api.php,given_names,WikiRecordStatus.page,WikiRecordStatus.unevaluated,mkd,Cyrillic,Gender.male,Category:Macedonian male given names
30187,Оливер,Оливер,https://en.wiktionary.org/w/api.php,given_names,WikiRecordStatus.page,WikiRecordStatus.unevaluated,mkd,Cyrillic,Gender.male,Category:Macedonian male given names
30188,Павле,Павле,https://en.wiktionary.org/w/api.php,given_names,WikiRecordStatus.page,WikiRecordStatus.unevaluated,mkd,Cyrillic,Gender.male,Category:Macedonian male given names
30189,Пејо,Пејо,https://en.wiktionary.org/w/api.php,given_names,WikiRecordStatus.page,WikiRecordStatus.unevaluated,mkd,Cyrillic,Gender.male,Category:Macedonian male given names
30190,Петар,Петар,https://en.wiktionary.org/w/api.php,given_names,WikiRecordStatus.page,WikiRecordStatus.unevaluated,mkd,Cyrillic,Gender.male,Category:Macedonian male given names
30191,Петко,Петко,https://en.wiktionary.org/w/api.php,given_names,WikiRecordStatus.page,WikiRecordStatus.unevaluated,mkd,Cyrillic,Gender.male,Category:Macedonian male given names
30192,Петре,Петре,https://en.wiktionary.org/w/api.php,given_names,WikiRecordStatus.page,WikiRecordStatus.unevaluated,mkd,Cyrillic,Gender.male,Category:Macedonian male given names
30193,Ратко,Ратко,https://en.wiktionary.org/w/api.php,given_names,WikiRecordStatus.page,WikiRecordStatus.unevaluated,mkd,Cyrillic,Gender.male,Category:Macedonian male given names
30194,Ристе,Ристе,https://en.wiktionary.org/w/api.php,given_names,WikiRecordStatus.page,WikiRecordStatus.unevaluated,mkd,Cyrillic,Gender.male,Category:Macedonian male given names
30195,Ристо,Ристо,https://en.wiktionary.org/w/api.php,given_names,WikiRecordStatus.page,WikiRecordStatus.unevaluated,mkd,Cyrillic,Gender.male,Category:Macedonian male given names
30196,Ромео,Ромео,https://en.wiktionary.org/w/api.php,given_names,WikiRecordStatus.page,WikiRecordStatus.unevaluated,mkd,Cyrillic,Gender.male,Category:Macedonian male given names
30197,Самуил,Самуил,https://en.wiktionary.org/w/api.php,given_names,WikiRecordStatus.page,WikiRecordStatus.unevaluated,mkd,Cyrillic,Gender.male,Category:Macedonian male given names
30198,Сашо,Сашо,https://en.wiktionary.org/w/api.php,given_names,WikiRecordStatus.page,WikiRecordStatus.unevaluated,mkd,Cyrillic,Gender.male,Category:Macedonian male given names
30199,Сергеј,Сергеј,https://en.wiktionary.org/w/api.php,given_names,WikiRecordStatus.page,WikiRecordStatus.unevaluated,mkd,Cyrillic,Gender.male,Category:Macedonian male given names
30200,Симон,Симон,https://en.wiktionary.org/w/api.php,given_names,WikiRecordStatus.page,WikiRecordStatus.unevaluated,mkd,Cyrillic,Gender.male,Category:Macedonian male given names
30201,Славко,Славко,https://en.wiktionary.org/w/api.php,given_names,WikiRecordStatus.page,WikiRecordStatus.unevaluated,mkd,Cyrillic,Gender.male,Category:Macedonian male given names
30202,Славчо,Славчо,https://en.wiktionary.org/w/api.php,given_names,WikiRecordStatus.page,WikiRecordStatus.unevaluated,mkd,Cyrillic,Gender.male,Category:Macedonian male given names
30203,Слободан,Слободан,https://en.wiktionary.org/w/api.php,given_names,WikiRecordStatus.page,WikiRecordStatus.unevaluated,mkd,Cyrillic,Gender.male,Category:Macedonian male given names
30204,Сотир,Сотир,https://en.wiktionary.org/w/api.php,given_names,WikiRecordStatus.page,WikiRecordStatus.unevaluated,mkd,Cyrillic,Gender.male,Category:Macedonian male given names
30205,Спасе,Спасе,https://en.wiktionary.org/w/api.php,given_names,WikiRecordStatus.page,WikiRecordStatus.unevaluated,mkd,Cyrillic,Gender.male,Category:Macedonian male given names
30206,Спасен,Спасен,https://en.wiktionary.org/w/api.php,given_names,WikiRecordStatus.page,WikiRecordStatus.unevaluated,mkd,Cyrillic,Gender.male,Category:Macedonian male given names
30207,Спаско,Спаско,https://en.wiktionary.org/w/api.php,given_names,WikiRecordStatus.page,WikiRecordStatus.unevaluated,mkd,Cyrillic,Gender.male,Category:Macedonian male given names
30208,Сребре,Сребре,https://en.wiktionary.org/w/api.php,given_names,WikiRecordStatus.page,WikiRecordStatus.unevaluated,mkd,Cyrillic,Gender.male,Category:Macedonian male given names
30209,Стефан,Стефан,https://en.wiktionary.org/w/api.php,given_names,WikiRecordStatus.page,WikiRecordStatus.unevaluated,mkd,Cyrillic,Gender.male,Category:Macedonian male given names
30210,Стојан,Стојан,https://en.wiktionary.org/w/api.php,given_names,WikiRecordStatus.page,WikiRecordStatus.unevaluated,mkd,Cyrillic,Gender.male,Category:Macedonian male given names
30211,Стојанче,Стојанче,https://en.wiktionary.org/w/api.php,given_names,WikiRecordStatus.page,WikiRecordStatus.unevaluated,mkd,Cyrillic,Gender.male,Category:Macedonian male given names
30212,Тадеј,Тадеј,https://en.wiktionary.org/w/api.php,given_names,WikiRecordStatus.page,WikiRecordStatus.unevaluated,mkd,Cyrillic,Gender.male,Category:Macedonian male given names
30213,Теодор,Теодор,https://en.wiktionary.org/w/api.php,given_names,WikiRecordStatus.page,WikiRecordStatus.unevaluated,mkd,Cyrillic,Gender.male,Category:Macedonian male given names
30214,Тихомир,Тихомир,https://en.wiktionary.org/w/api.php,given_names,WikiRecordStatus.page,WikiRecordStatus.unevaluated,mkd,Cyrillic,Gender.male,Category:Macedonian male given names
30215,Тодор,Тодор,https://en.wiktionary.org/w/api.php,given_names,WikiRecordStatus.page,WikiRecordStatus.unevaluated,mkd,Cyrillic,Gender.male,Category:Macedonian male given names
30216,Трајан,Трајан,https://en.wiktionary.org/w/api.php,given_names,WikiRecordStatus.page,WikiRecordStatus.unevaluated,mkd,Cyrillic,Gender.male,Category:Macedonian male given names
30217,Трајко,Трајко,https://en.wiktionary.org/w/api.php,given_names,WikiRecordStatus.page,WikiRecordStatus.unevaluated,mkd,Cyrillic,Gender.male,Category:Macedonian male given names
30218,Трајче,Трајче,https://en.wiktionary.org/w/api.php,given_names,WikiRecordStatus.page,WikiRecordStatus.unevaluated,mkd,Cyrillic,Gender.male,Category:Macedonian male given names
30219,Трендафил,Трендафил,https://en.wiktionary.org/w/api.php,given_names,WikiRecordStatus.page,WikiRecordStatus.unevaluated,mkd,Cyrillic,Gender.male,Category:Macedonian male given names
30220,Трифун,Трифун,https://en.wiktionary.org/w/api.php,given_names,WikiRecordStatus.page,WikiRecordStatus.unevaluated,mkd,Cyrillic,Gender.male,Category:Macedonian male given names
30221,Филип,Филип,https://en.wiktionary.org/w/api.php,given_names,WikiRecordStatus.page,WikiRecordStatus.unevaluated,mkd,Cyrillic,Gender.male,Category:Macedonian male given names
30222,Филипче,Филипче,https://en.wiktionary.org/w/api.php,given_names,WikiRecordStatus.page,WikiRecordStatus.unevaluated,mkd,Cyrillic,Gender.male,Category:Macedonian male given names
30223,Фичо,Фичо,https://en.wiktionary.org/w/api.php,given_names,WikiRecordStatus.page,WikiRecordStatus.unevaluated,mkd,Cyrillic,Gender.male,Category:Macedonian male given names
30224,Харалампие,Харалампие,https://en.wiktionary.org/w/api.php,given_names,WikiRecordStatus.page,WikiRecordStatus.unevaluated,mkd,Cyrillic,Gender.male,Category:Macedonian male given names
30225,Христијан,Христијан,https://en.wiktionary.org/w/api.php,given_names,WikiRecordStatus.page,WikiRecordStatus.unevaluated,mkd,Cyrillic,Gender.male,Category:Macedonian male given names
30226,Цветан,Цветан,https://en.wiktionary.org/w/api.php,given_names,WikiRecordStatus.page,WikiRecordStatus.unevaluated,mkd,Cyrillic,Gender.male,Category:Macedonian male given names
30227,Цветко,Цветко,https://en.wiktionary.org/w/api.php,given_names,WikiRecordStatus.page,WikiRecordStatus.unevaluated,mkd,Cyrillic,Gender.male,Category:Macedonian male given names
30228,Шаќир,Шаќир,https://en.wiktionary.org/w/api.php,given_names,WikiRecordStatus.page,WikiRecordStatus.unevaluated,mkd,Cyrillic,Gender.male,Category:Macedonian male given names
30229,Шакир,Шакир,https://en.wiktionary.org/w/api.php,given_names,WikiRecordStatus.page,WikiRecordStatus.unevaluated,mkd,Cyrillic,Gender.male,Category:Macedonian male given names
